{
  "$schema": "https://schema.management.azure.com/schemas/2019-04-01/deploymentTemplate.json#",
  "contentVersion": "1.0.0.0",
  "parameters": {
    "location": {
      "type": "string"
    },
    "virtualNetworkName": {
      "type": "string"
    },
    "virtualNetworkAddressPrefix": {
      "type": "string"
    },
    "subnet1Name": {
      "type": "string"
    },
    "subnet1Prefix": {
      "type": "string"
    },
    "tagsByResource": {
      "type": "object",
      "defaultValue": {}
    }
  },
  "resources": [
    {
      "type": "Microsoft.Network/virtualNetworks",
      "apiVersion": "2023-06-01",
      "name": "[parameters('virtualNetworkName')]",
      "location": "[parameters('location')]",
      "tags": "[ if(contains(parameters('tagsByResource'), 'Microsoft.Network/virtualNetworks'), parameters('tagsByResource')['Microsoft.Network/virtualNetworks'], json('{}')) ]",
      "properties": {
        "addressSpace": {
          "addressPrefixes": [
            "[parameters('virtualNetworkAddressPrefix')]"
          ]
        },
        "subnets": [
          {
            "name": "[parameters('subnet1Name')]",
            "properties": {
              "addressPrefix": "[parameters('subnet1Prefix')]"
            }
          }
        ]
      }
    }
  ],
  "outputs": {}
}
