{
  "$schema": "https://schema.management.azure.com/schemas/2019-04-01/deploymentTemplate.json#",
  "contentVersion": "1.0.0.0",
  "parameters": {
    "location": {
      "type": "string"
    },
    "vmName": {
      "type": "string"
    },
    "hardwareProfile": {
      "type": "object"
    },
    "osProfile": {
      "type": "object"
    },
    "storageProfile": {
      "type": "object"
    },
    "networkProfile": {
      "type": "object"
    },
    "diagnosticsProfile": {
      "type": "object"
    },
    "plan": {
      "type": "object"
    },
    "zones": {
      "type": "string",
      "defaultValue": ""
    },
    "tagsByResource": {
      "type": "object",
      "defaultValue": {}
    }
  },
  "variables": {
    "properties": {
      "hardwareProfile": "[parameters('hardwareProfile')]",
      "osProfile": "[parameters('osProfile')]",
      "storageProfile": "[parameters('storageProfile')]",
      "networkProfile": "[parameters('networkProfile')]",
      "diagnosticsProfile": "[parameters('diagnosticsProfile')]"
    }
  },
  "resources": [
    {
      "condition": "[greater(length(parameters('zones')), 0)]",
      "apiVersion": "2023-09-01",
      "type": "Microsoft.Compute/virtualMachines",
      "name": "[parameters('vmName')]",
      "location": "[parameters('location')]",
      "identity": { "type": "SystemAssigned" },
      "properties": "[variables('properties')]",
      "plan": "[parameters('plan')]",
      "zones": "[createArray(parameters('zones'))]",
      "tags": "[ if(contains(parameters('tagsByResource'), 'Microsoft.Compute/virtualMachines'), parameters('tagsByResource')['Microsoft.Compute/virtualMachines'], json('{}')) ]"
    },
    {
      "condition": "[equals(length(parameters('zones')), 0)]",
      "apiVersion": "2023-09-01",
      "type": "Microsoft.Compute/virtualMachines",
      "name": "[parameters('vmName')]",
      "location": "[parameters('location')]",
      "identity": { "type": "SystemAssigned" },
      "properties": "[variables('properties')]",
      "plan": "[parameters('plan')]",
      "tags": "[ if(contains(parameters('tagsByResource'), 'Microsoft.Compute/virtualMachines'), parameters('tagsByResource')['Microsoft.Compute/virtualMachines'], json('{}')) ]"
    }
  ],
  "outputs": {}
}
