{
  "$schema": "https://schema.management.azure.com/schemas/2019-04-01/deploymentTemplate.json#",
  "contentVersion": "1.0.0.0",
  "parameters": {
    "_artifactsLocation": {
      "type": "string",
      "defaultValue": "[deployment().properties.templateLink.uri]"
    },
    "_artifactsLocationSasToken": {
      "type": "secureString",
      "defaultValue": "",
      "metadata": {
        "description": "SasToken access to Azure Storage resources."
      }
    },
    "guid": {
      "type": "string",
      "defaultValue": "[newGuid()]"
    },
    "adminPassword": {
      "type": "secureString",
      "defaultValue": "[newGuid()]"
    },
    "registrationCode": {
      "type": "string",
      "metadata": {
        "description": "Non-secret registration code"
      }
    },
    "httpProxy": {
      "type": "string",
      "metadata": {
        "description": "httpProxy."
      },
      "defaultValue": ""
    },
    "availabilityOptions": {
      "type": "string",
      "metadata": {
        "description": "Availability options for the Virtual Machine."
      },
      "defaultValue": "noInfrastructure",
      "allowedValues": [
        "availabilityZones",
        "noInfrastructure"
      ]
    },
    "zoneOptions": {
      "type": "string",
      "metadata": {
        "description": "Zone options for the Virtual Machine."
      },
      "defaultValue": "selfSelected",
      "allowedValues": [
        "selfSelected",
        "azureSelected"
      ]
    },
    "availabilityZones": {
      "type": "string",
      "metadata": {
        "description": "Availability Zones for the Virtual Machine 1."
      },
      "allowedValues": [
        "",
        "1",
        "2",
        "3"
      ],
      "defaultValue": ""
    },
    "location": {
      "type": "string",
      "metadata": {
        "description": "Location of resources."
      },
      "defaultValue": "[resourceGroup().location]"
    },
    "publicIpAddressName": {
      "type": "string",
      "defaultValue": "PublicIP",
      "metadata": {
        "description": "Name of the Public IP Address."
      }
    },
    "sku": {
      "type": "string",
      "defaultValue": "Standard",
      "allowedValues": [
        "Basic",
        "Standard"
      ],
      "metadata": {
        "description": "Sku for the resource."
      }
    },
    "routingPreference": {
      "type": "string",
      "defaultValue": "",
      "metadata": {
        "description": "Routing Preference for the resource."
      }
    },
    "publicIPAllocationMethod": {
      "type": "string",
      "defaultValue": "Static",
      "allowedValues": [
        "Static",
        "Dynamic"
      ],
      "metadata": {
        "description": "Public IP allocation method."
      }
    },
    "tier": {
      "type": "string",
      "allowedValues": [
        "Regional",
        "Global"
      ],
      "defaultValue": "Regional",
      "metadata": {
        "description": "Tier for the resource."
      }
    },
    "ddosProtectionMode": {
      "type": "string",
      "defaultValue": "Disabled",
      "allowedValues": [
        "Disabled",
        "Enabled",
        "VirtualNetworkInherited"
      ],
      "metadata": {
        "description": "DDoS Protection Mode for the resource."
      }
    },
    "publicIpExistingRgName": {
      "type": "string",
      "defaultValue": "",
      "metadata": {
        "description": "Resource Group containing existing public IP."
      }
    },
    "publicIpNewOrExistingOrNone": {
      "type": "string",
      "defaultValue": "new",
      "allowedValues": [
        "new",
        "existing",
        "none"
      ],
      "metadata": {
        "description": "Indicates whether the Public IP is new or existing."
      }
    },
    "securityGroup": {
      "type": "array",
      "defaultValue": [
        "bootstrapUi"
      ],
      "allowedValues": [
        [
          "bootstrapUi"
        ]
      ]
    },
    "storageAccountName": {
      "type": "string",
      "defaultValue": "",
      "metadata": {
        "description": "Unique Name for Storage Account where the Virtual Machine's boot diagnostics will be placed."
      }
    },
    "storageAccountType": {
      "type": "string",
      "defaultValue": "Standard_GRS",
      "allowedValues": [
        "Standard_GRS",
        "Standard_LRS",
        "Standard_RAGRS"
      ],
      "metadata": {
        "description": "The type of storage account created for boot diagnostics."
      }
    },
    "storageAccountNewOrExistingOrNone": {
      "type": "string",
      "defaultValue": "none",
      "allowedValues": [
        "new",
        "existing",
        "none"
      ],
      "metadata": {
        "description": "Identifies whether to use new or existing Storage Account for boot diagnostics."
      }
    },
    "storageAccountExistingRG": {
      "type": "string",
      "defaultValue": "",
      "metadata": {
        "description": "Resource Group containing existing storage account for boot diagnostics."
      }
    },
    "subnet1Name": {
      "type": "string",
      "metadata": {
        "description": "Subnet 1 name."
      }
    },
    "subnet1Prefix": {
      "type": "string",
      "metadata": {
        "description": "Subnet 1 prefix."
      }
    },
    "virtualNetworkAddressPrefix": {
      "type": "string",
      "metadata": {
        "description": "Virtual network address prefix."
      }
    },
    "virtualNetworkExistingRGName": {
      "type": "string",
      "defaultValue": "",
      "metadata": {
        "description": "Resource Group containing existing network."
      }
    },
    "virtualNetworkName": {
      "type": "string",
      "metadata": {
        "description": "Virtual network name."
      }
    },
    "vmName": {
      "type": "string",
      "defaultValue": "NIOS-X",
      "metadata": {
        "description": "Name for the Virtual Machine."
      }
    },
    "vmSize": {
      "type": "string",
      "metadata": {
        "description": "Size of the Virtual Machine."
      },
      "defaultValue": "Standard_F8s_v2"
    },
    "vnetNewOrExisting": {
      "type": "string",
      "metadata": {
        "description": "Identifies whether to use new or existing Virtual Network."
      },
      "defaultValue": "new",
      "allowedValues": [
        "new",
        "existing"
      ]
    },
    "tagsByResource": {
      "type": "object",
      "defaultValue": {}
    },
    "osDiskSize": {
      "type": "int",
      "metadata": {
        "description": "The size of the disk in GB."
      }
    },
    "osDiskType": {
      "type": "string",
      "defaultValue": "Premium_LRS",
      "metadata": {
        "description": "The type of managed disk to use for the OS disk of the VM."
      },
      "allowedValues": [
        "Standard_LRS",
        "StandardSSD_LRS",
        "Premium_LRS"
      ]
    },
    "enableAcceleratedNetworking": {
      "type": "bool",
      "defaultValue": false,
      "metadata": {
        "description": "Enable Accelerated Networking."
      }
    },
    "enableIPForwarding": {
      "type": "bool",
      "defaultValue": false,
      "metadata": {
        "description": "Enable IP Forwarding on the network interface."
      }
    }
  },
  "variables": {
    "OSDiskName": "[concat(parameters('vmName'), uniqueString(resourceGroup().id))]",
    "osDiskType": "[parameters('osDiskType')]",
    "cloudConfig": "#cloud-config\nhost_setup:\n",
    "customDataWithoutHttpProxy": "[concat(variables('cloudConfig'), '\n  jointoken: ', parameters('registrationCode'), '\n  tags: \n    - DeployedFrom: AZURE-Marketplace\n')]",
    "customDataWithHttpProxy": "[concat(variables('customDataWithoutHttpProxy'), '  access_https_proxy: ', parameters('httpProxy'), '\n')]",
    "customData": "[if(empty(parameters('httpProxy')), variables('customDataWithoutHttpProxy'), variables('customDataWithHttpProxy'))]",
    "imageOffer": "infoblox-nios-x-vm",
    "imagePublisher": "infoblox",
    "imageSku": "infoblox-nios-x-vm",
    "imageVersion": "4.0.0",
    "nicPrimaryExistingParams": {
      "enableIPForwarding": {
        "value": "[parameters('enableIPForwarding')]"
      },
      "enableAcceleratedNetworking": {
        "value": "[parameters('enableAcceleratedNetworking')]"
      },
      "location": {
        "value": "[parameters('location')]"
      },
      "nicName": {
        "value": "[variables('nicPrimaryName')]"
      },
      "subnetId": {
        "value": "[variables('subnet1ResourceId')]"
      },
      "publicIpAddressId": {
        "value": "[variables('publicIpResourceId')]"
      },
      "networkSecurityGroupId": {
        "value": "[resourceId('Microsoft.Network/networkSecurityGroups', variables('nsgName'))]"
      },
      "tagsByResource": {
        "value": "[parameters('tagsByResource')]"
      }
    },
    "nicPrimaryName": "[concat(parameters('vmName'), '-lan1')]",
    "nicPrimaryNoneParams": {
      "enableIPForwarding": {
        "value": "[parameters('enableIPForwarding')]"
      },
      "enableAcceleratedNetworking": {
        "value": "[parameters('enableAcceleratedNetworking')]"
      },
      "location": {
        "value": "[parameters('location')]"
      },
      "nicName": {
        "value": "[variables('nicPrimaryName')]"
      },
      "subnetId": {
        "value": "[variables('subnet1ResourceId')]"
      },
      "networkSecurityGroupId": {
        "value": "[resourceId('Microsoft.Network/networkSecurityGroups', variables('nsgName'))]"
      },
      "tagsByResource": {
        "value": "[parameters('tagsByResource')]"
      }
    },
    "nicPrimarySetupUrl": "[uri(parameters('_artifactsLocation'), concat('nestedtemplates/nic-pip-', variables('publicIpExistingOrNone'), '.json', parameters('_artifactsLocationSasToken')))]",
    "nsgName": "[concat(parameters('vmName'), '-securityGroup')]",
    "publicIpExistingOrNone": "[replace(parameters('publicIpNewOrExistingOrNone'), 'new', 'existing')]",
    "publicIpNewOrNone": "[replace(parameters('publicIpNewOrExistingOrNone'), 'existing', 'none')]",
    "publicIpNewParams": {
      "location": {
        "value": "[parameters('location')]"
      },
      "publicIpAddressName": {
        "value": "[parameters('publicIpAddressName')]"
      },
      "publicIPAllocationMethod": {
        "value": "[parameters('publicIPAllocationMethod')]"
      },
      "zones": {
        "value": "[if(equals(parameters('availabilityOptions'), 'availabilityZones'), parameters('availabilityZones'), json('null'))]"
      },
      "sku": {
        "value": "[parameters('sku')]"
      },
      "routingPreference": {
        "value": "[parameters('routingPreference')]"
      },
      "tier": {
        "value": "[parameters('tier')]"
      },
      "tagsByResource": {
        "value": "[parameters('tagsByResource')]"
      }
    },
    "publicIpResourceExisting": "[resourceId(parameters('publicIpExistingRgName'), concat('Microsoft.Network', '/', 'publicIpAddresses'), parameters('publicIpAddressName'))]",
    "publicIpResourceId": "[if(equals(parameters('publicIpNewOrExistingOrNone'), 'none'), '', if(equals(parameters('publicIpNewOrExistingOrNone'), 'new'), variables('publicIpResourceNew'), variables('publicIpResourceExisting')))]",
    "publicIpResourceNew": "[resourceId('Microsoft.Network/publicIpAddresses', parameters('publicIpAddressName'))]",
    "publicIpSetupUrl": "[uri(parameters('_artifactsLocation'), concat('nestedtemplates/publicip-', variables('publicIpNewOrNone'), '.json', parameters('_artifactsLocationSasToken')))]",
    "securityRuleHtps": [
      {
        "name": "HTTPS",
        "properties": {
          "description": "Allow HTTPS",
          "access": "Allow",
          "destinationAddressPrefix": "*",
          "destinationPortRange": "443",
          "direction": "Inbound",
          "priority": 101,
          "protocol": "Tcp",
          "sourceAddressPrefix": "*",
          "sourcePortRange": "*"
        }
      }
    ],
    "securityRules": "[if(contains(parameters('securityGroup'), 'bootstrapUi'), variables('securityRuleHtps'), json('[]'))]",
    "storageAccountExistingParams": {
      "storageAccountName": {
        "value": "[parameters('storageAccountName')]"
      },
      "storageAccountExistingRG": {
        "value": "[parameters('storageAccountExistingRG')]"
      }
    },
    "storageAccountNewParams": {
      "location": {
        "value": "[parameters('location')]"
      },
      "storageAccountType": {
        "value": "[parameters('storageAccountType')]"
      },
      "storageAccountName": {
        "value": "[parameters('storageAccountName')]"
      },
      "tagsByResource": {
        "value": "[parameters('tagsByResource')]"
      }
    },
    "storageAccountSetupURL": "[uri(parameters('_artifactsLocation'), concat('nestedtemplates/storageAccount-', parameters('storageAccountNewOrExistingOrNone'), '.json'))]",
    "subnet1ResourceId": "[concat(variables('vnetResourceId'), '/subnets/', parameters('subnet1Name'))]",
    "virtualMachineSetUrl": "[uri(parameters('_artifactsLocation'), concat('nestedtemplates/vm.json', parameters('_artifactsLocationSasToken')))]",
    "virtualNetworkSetupUrl": "[uri(parameters('_artifactsLocation'), concat('nestedtemplates/vnet-', parameters('vnetNewOrExisting'), '.json', parameters('_artifactsLocationSasToken')))]",
    "vnetNewParams": {
      "location": {
        "value": "[parameters('location')]"
      },
      "virtualNetworkName": {
        "value": "[parameters('virtualNetworkName')]"
      },
      "virtualNetworkAddressPrefix": {
        "value": "[parameters('virtualNetworkAddressPrefix')]"
      },
      "subnet1Name": {
        "value": "[parameters('subnet1Name')]"
      },
      "subnet1Prefix": {
        "value": "[parameters('subnet1Prefix')]"
      },
      "tagsByResource": {
        "value": "[parameters('tagsByResource')]"
      }
    },
    "vnetResourceExisting": "[resourceId(parameters('virtualNetworkExistingRGName'),'Microsoft.Network/virtualNetworks',parameters('virtualNetworkName'))]",
    "vnetResourceId": "[if(equals(parameters('vnetNewOrExisting'), 'new'), variables('vnetResourceNew'), variables('vnetResourceExisting'))]",
    "vnetResourceNew": "[resourceId('Microsoft.Network/virtualNetworks', parameters('virtualNetworkName'))]"
  },
  "resources": [
    {
      "name": "pid-31878965-56f8-4ddf-a700-b0b70e48b973-partnercenter",
      "type": "Microsoft.Resources/deployments",
      "apiVersion": "2023-07-01",
      "properties": {
        "mode": "Incremental",
        "template": {
          "$schema": "https://schema.management.azure.com/schemas/2019-04-01/deploymentTemplate.json#",
          "contentVersion": "1.0.0.0",
          "resources": []
        }
      }
    },
    {
      "name": "SettingUpstorageAccount",
      "type": "Microsoft.Resources/deployments",
      "apiVersion": "2023-07-01",
      "properties": {
        "mode": "Incremental",
        "templateLink": {
          "uri": "[variables('storageAccountSetupURL')]",
          "contentVersion": "1.0.0.0"
        },
        "parameters": "[if(equals(parameters('storageAccountNewOrExistingOrNone'), 'new'), variables('storageAccountNewParams'), if(equals(parameters('storageAccountNewOrExistingOrNone'), 'existing'), variables('storageAccountExistingParams'), json('null')))]"
      }
    },
    {
      "apiVersion": "2023-06-01",
      "type": "Microsoft.Network/networkSecurityGroups",
      "name": "[variables('nsgName')]",
      "location": "[parameters('location')]",
      "properties": {
        "securityRules": "[variables('securityRules')]"
      },
      "tags": "[ if(contains(parameters('tagsByResource'), 'Microsoft.Network/networkSecurityGroups'), parameters('tagsByResource')['Microsoft.Network/networkSecurityGroups'], json('{}')) ]"
    },
    {
      "name": "SettingUpVirtualNetwork",
      "type": "Microsoft.Resources/deployments",
      "apiVersion": "2023-07-01",
      "properties": {
        "mode": "Incremental",
        "templateLink": {
          "uri": "[variables('virtualNetworkSetupUrl')]",
          "contentVersion": "1.0.0.0"
        },
        "parameters": "[if(equals(parameters('vnetNewOrExisting'), 'new'), variables('vnetNewParams'), json('null'))]"
      }
    },
    {
      "name": "SettingUpPrimaryNic",
      "type": "Microsoft.Resources/deployments",
      "apiVersion": "2023-07-01",
      "dependsOn": [
        "[resourceId('Microsoft.Resources/deployments/', 'SettingUpVirtualNetwork')]",
        "[resourceId('Microsoft.Resources/deployments/', 'SettingUpPublicIP')]",
        "[resourceId('Microsoft.Network/networkSecurityGroups/', variables('nsgName'))]"
      ],
      "properties": {
        "mode": "Incremental",
        "templateLink": {
          "uri": "[variables('nicPrimarySetupUrl')]",
          "contentVersion": "1.0.0.0"
        },
        "parameters": "[if(equals(variables('publicIpExistingOrNone'), 'none'), variables('nicPrimaryNoneParams'), variables('nicPrimaryExistingParams'))]"
      }
    },
    {
      "name": "SettingUpPublicIP",
      "type": "Microsoft.Resources/deployments",
      "apiVersion": "2023-07-01",
      "properties": {
        "mode": "Incremental",
        "templateLink": {
          "uri": "[variables('publicIpSetupUrl')]",
          "contentVersion": "1.0.0.0"
        },
        "parameters": "[if(equals(variables('publicIpNewOrNone'), 'new'), variables('publicIpNewParams'), json('null'))]"
      }
    },
    {
      "name": "SettingUpVirtualMachine",
      "type": "Microsoft.Resources/deployments",
      "apiVersion": "2023-07-01",
      "dependsOn": [
        "[resourceId('Microsoft.Resources/deployments/', 'SettingUpstorageAccount')]",
        "[resourceId('Microsoft.Resources/deployments/', 'SettingUpPrimaryNic')]"
      ],
      "properties": {
        "mode": "Incremental",
        "templateLink": {
          "uri": "[variables('virtualMachineSetUrl')]",
          "contentVersion": "1.0.0.0"
        },
        "parameters": {
          "vmName": {
            "value": "[parameters('vmName')]"
          },
          "tagsByResource": {
            "value": "[parameters('tagsByResource')]"
          },
          "location": {
            "value": "[parameters('location')]"
          },
          "hardwareProfile": {
            "value": {
              "vmSize": "[parameters('vmSize')]"
            }
          },
          "osProfile": {
            "value": {
              "computerName": "[parameters('vmName')]",
              "adminUsername": "[uniqueString(ResourceGroup().Id)]",
              "adminPassword": "[parameters('adminPassword')]",
              "customData": "[base64(variables('customData'))]"
            }
          },
          "plan": {
            "value": {
              "publisher": "[variables('imagePublisher')]",
              "product": "[variables('imageOffer')]",
              "name": "[variables('imageSku')]"
            }
          },
          "storageProfile": {
            "value": {
              "imageReference": {
                "publisher": "[variables('imagePublisher')]",
                "offer": "[variables('imageOffer')]",
                "sku": "[variables('imageSku')]",
                "version": "[variables('imageVersion')]"
              },
              "osDisk": {
                "name": "[variables('OSDiskName')]",
                "caching": "ReadOnly",
                "createOption": "FromImage",
                "diskSizeGB": "[parameters('osDiskSize')]",
                "managedDisk": {
                  "storageAccountType": "[variables('osDiskType')]"
                }
              }
            }
          },
          "networkProfile": {
            "value": {
              "networkInterfaces": [
                {
                  "id": "[resourceId('Microsoft.Network/networkInterfaces/', variables('nicPrimaryName'))]",
                  "properties": {
                    "primary": true
                  }
                }
              ]
            }
          },
          "zones": {
            "value": "[if(equals(parameters('availabilityOptions'), 'availabilityZones'), parameters('availabilityZones'), json('null'))]"
          },
          "diagnosticsProfile": {
            "value": {
              "bootDiagnostics": {
                "enabled": "true",
                "storageUri": "[if(equals(parameters('storageAccountNewOrExistingOrNone'), 'none'), '', reference('SettingUpstorageAccount').outputs.endpointURL.value)]"
              }
            }
          }
        }
      }
    }
  ]
}
