{
  "$schema": "https://schema.management.azure.com/schemas/2019-04-01/deploymentTemplate.json#",
  "contentVersion": "1.0.0.0",
  "parameters": {
    "location": {
      "type": "string"
    },
    "publicIpAddressName": {
      "type": "string"
    },
    "publicIpAddressType": {
      "type": "string"
    },
    "tagsByResource": {
      "type": "object",
      "defaultValue": {}
    }
  },
  "resources": [
    {
      "apiVersion": "2023-06-01",
      "type": "Microsoft.Network/publicIPAddresses",
      "name": "[parameters('publicIpAddressName')]",
      "location": "[parameters('location')]",
      "tags": "[ if(contains(parameters('tagsByResource'), 'Microsoft.Network/publicIPAddresses'), parameters('tagsByResource')['Microsoft.Network/publicIPAddresses'], json('{}')) ]",
      "properties": {
        "publicIPAllocationMethod": "[parameters('publicIpAddressType')]"
      }
    }
  ],
  "outputs": {}
}
