{
  "$schema": "https://schema.management.azure.com/schemas/2019-04-01/deploymentTemplate.json#",
  "contentVersion": "1.0.0.0",
  "parameters": {
    "location": {
      "type": "string"
    },
    "storageAccountName": {
      "type": "string",
      "metadata": {
        "Description": "The name of the new storage account created to store the VMs disks."
      }
    },
    "storageAccountType": {
      "type": "string",
      "allowedValues": [
        "Standard_GRS",
        "Standard_LRS",
        "Standard_RAGRS"
      ],
      "metadata": {
        "Description": "The type of the Storage Account created."
      },
      "defaultValue": "Standard_GRS"
    },
    "tagsByResource": {
      "type": "object",
      "defaultValue": {}
    }
  },
  "resources": [
    {
      "type": "Microsoft.Storage/storageAccounts",
      "name": "[concat(parameters('storageAccountName'))]",
      "apiVersion": "2023-04-01",
      "location": "[parameters('location')]",
      "tags": "[ if(contains(parameters('tagsByResource'), 'Microsoft.Storage/storageAccounts'), parameters('tagsByResource')['Microsoft.Storage/storageAccounts'], json('{}')) ]",
      "sku": {
        "name": "[parameters('storageAccountType')]"
      },
      "properties": {}
    }
  ],
  "outputs": {
    "endpointURL": {
      "type": "string",
      "value": "[reference(parameters('StorageAccountName'), '2023-04-01').primaryEndpoints.blob]"
    }
  }
}
